# harness name	class (S default)	deps (queue ids, comma)
# review round 2 B2: every kani/growth stub_verified dependant depends on its contract harness (CONDITIONAL otherwise)
proof_v16_expired_backing_yields_zero_realizable_support_after_expiry	M	-
proof_v16_public_backing_fee_charges_only_selected_domain	M	-
proof_v16_residual_excludes_recoverable_counterparty_backing_principal	M	-
proof_v16_resolved_impaired_capital_backed_loss_routes_to_residual	M	-
proof_v16_source_credit_lien_face_and_backing_use_scaled_units	M	-
proof_v16_sparse_source_domain_validation_rejects_duplicate_occupied_domain	M	-
proof_v16_unliened_source_support_is_capped_by_realizable_backing	M	-
proof_v16_view_deposit_preserves_c_tot_vault_capital_sum	M	-
proof_v16_view_domain_budget_caps_bankruptcy_insurance_spend	M	-
proof_v16_view_fee_sync_settles_negative_pnl_before_fee	M	-
proof_v16_view_withdraw_reduces_vault_ctot_and_capital_equally	M	-
proof_v16_withdraw_allowed_after_canceled_close	M	-
proof_v16_withdraw_settles_flat_negative_pnl_before_value_exit	M	-
proof_v17_wide_mul_div_floor_stub_correct	M	-
proof_v16_resolved_receipt_bound_migration_is_exact_or_fails_closed	M	-
proof_v16_reused_asset_slot_rejects_stale_market_id_leg	M	-
proof_v16_taker_only_conserves_notional_unaffected	M	-
proof_v16_view_overwithdraw_rejects	M	-
proof_v22_s10_move_conserves_bounds_exact_total	L	-
proof_v22_s10_move_is_idempotent_m	L	-
proof_v22_s10_settle_entry_frame	L	-
proof_v22_x1_fee_refinement_ok_state	L	-
proof_v22_x1_fee_refinement_result	L	-
proof_v22_w4_repay_engine_level	L	-
proof_v22_w4_insurance_credit_branch_refused	L	-
proof_v22_rem_fast_equals_wide	L	-
proof_v22_rem_settle_keeps_rem_below_den_generic_a	L	-
proof_v22_s10_grant_only_refresh_moves	L	-
kani_band_G_upper_bound	L	-
kani_band_census_inductive	L	-
kani_band_accrue_rejects_before_mutation	L	-
kani_bsl_validator_matches_pointwise_preset	L	-
kani_bsl_validator_matches_pointwise_mmr	L	-
kani_band_config_floors_band_off	L	-
kani_band_config_floors_band_on	L	-
kani_band_bilateral_close_preserves_a	L	-
proof_v22_s10_move_conserves_bounds_exact_total_m	M	-
proof_v22_s10_move_conserves_bounds_exact_total_ins_m	M	-
proof_v22_s10_idle_fast_path_is_identity	M	-
proof_v22_s10_retry_hook_guard_m	M	-
proof_v22_s10_wholly_empty_reset	M	-
proof_v22_s9_protective_rate	M	-
proof_v22_leg_cap_validator	M	-
proof_v22_batch_len_refused_fork_threshold	M	-
proof_v22_batch_len_refused_with_fee	M	-
proof_v22_attached_legs_have_unit_a	M	-
proof_v22_rem_partition_invariance	M	-
proof_v22_rem_settle_keeps_rem_below_den	M	-
proof_v22_empty_leg_encoding	M	-
proof_v22_kf_hidden_loss_bound	M	-
kani_rent_due_with_carry_exact	M	-
kani_rent_split_never_overcharges	M	-
kani_rent_index_delta_failclosed	M	-
kani_band_unarmed_fails_closed	M	-
kani_rent_settle_idempotent_and_attach_snap	M	-
kani_inv_accrue	M	-
kani_inv_reanchor	M	-
kani_inv_certify	M	-
kani_inv_no_third_epoch	M	-
kani_bsl_no_bankruptcy_lemma	M	-
kani_band_position_cap_census	M	-
kani_band_width_ok_exact	M	-
kani_band_reanchor_never_narrow	M	-
kani_band_trade_shape_cap_and_min_notional_exempt	M	-
kani_v22_mul_div_ceil_lemma	M	-
kani_v22_wa1_lot_floor_guarantees_progress	M	-
kani_v22_wa9_t9_p3_dip_model	M	-
kani_v22_wa13_tag77_v22_roundtrip	M	-
kani_v22_wa14_tag76_v22_roundtrip	M	-
kani_v22_wb1_rent_rate_kink_cap_monotone	M	-
kani_v22_wb5_rent_rate_fail_closed	M	-
kani_v22_wd3_rescue_refuses_floor	M	-
kani_v22_wd16_burn_admissible_bounds_loss	M	-
kani_v22_wd17_full_exit_loss_below_one_unit	M	-
kani_v22_wd19_restore_free_keeps_im_buffer	M	-
kani_v22_wd23_g9_amount_composed_bounds	M	-
kani_v22_wd25_restore_free_is_min_room_capital	M	-
kani_v22_wd27_allowlist_record_validator	M	-
kani_v22_wd28_owner_pin	M	-
kani_v22_wc2_draw3_order	M	-
kani_v22_wc3_lazy_split_equals_explicit_draw	M	-
kani_v22_wc4_recover3_restores_senior_bond_junior	M	-
kani_v22_wc5_bond_deposit_no_dilution	M	-
kani_v22_wc6_bond_redemption_no_dilution	M	-
kani_v22_wc7_bond_lock_vs_open_oi	M	-
kani_v22_wc8a_fee_waterfall3_conserves_and_orders	M	-
kani_v22_wc8b_coupon_due_gate_base	M	-
kani_v22_fe2_encode_fill_layout	M	-
kani_v22_fe4_emit_fills_chunking	M	-
kani_v22_fe8_liquidation_event_view_n1_n2	M	-
kani_v22_lp4_metadata_instruction_data	M	-
kani_v22_lp6_record_state_total	M	-
kani_v22_wd1_rescue_no_dilution	M	-
kani_v22_wd2_rescue_par_per_share	M	-
kani_v22_wd4_units_mint_burn_no_dilution	M	-
kani_v22_wd5_admitted_mint_positive_and_bounded	M	-
kani_v22_wd6_loss_pro_rata	M	-
kani_v22_wd18_burn_then_mint_no_gain	M	-
kani_v22_lp1_base58_encode_bounds_alphabet	L	-
kani_v22_lp2_ticker_name_symbol_bounds	M	percolator-prog:kani_v22_lp1_base58_encode_bounds_alphabet
kani_v22_lp3_share_uri_shape	M	percolator-prog:kani_v22_lp1_base58_encode_bounds_alphabet
kani_growth_l1_ceil_monotone_in_b	L	-
kani_growth_l2_ceil_monotone_in_a	L	-
kani_growth_l3_ceil_antitone_in_d	L	-
kani_growth_l4_floor_monotone_in_a	L	-
kani_growth_t7_rule_implies_gap_solvency	L	-
kani_growth_g_n_cap_q	L	percolator-prog_kani_growth:kani_growth_c_mul_div_floor
kani_growth_g_liquidity_notional_e6	L	percolator-prog_kani_growth:kani_growth_c_mul_div_floor
kani_growth_g_dyn_imr_bps	L	percolator-prog_kani_growth:kani_growth_c_mul_div_ceil
kani_growth_g_leg_im_req	L	percolator-prog_kani_growth:kani_growth_c_mul_div_ceil
kani_growth_g_utilisation_fee_bps	L	percolator-prog_kani_growth:kani_growth_c_mul_div_ceil
kani_growth_g_util_fee_on_fill_bps	L	percolator-prog_kani_growth:kani_growth_c_mul_div_floor
kani_growth_c_n_cap_q	L	-
kani_growth_c_dyn_imr_bps	L	-
kani_growth_c_risk_notional_ceil	L	-
kani_growth_c_utilisation_fee_bps	L	-
kani_growth_c_util_fee_on_fill_bps	L	-
kani_growth_t5_at_capacity_costs_full_margin	L	-
kani_growth_t2_dyn_shape_in_lp	L	percolator-prog_kani_growth:kani_growth_c_mul_div_ceil
kani_growth_t2_dyn_shape_in_ncap	L	percolator-prog_kani_growth:kani_growth_c_mul_div_ceil
kani_growth_t2_required_shape_engine_domain	L	percolator-prog_kani_growth:kani_growth_c_mul_div_floor
kani_growth_r15ab_util_fee_shape_and_monotone	L	percolator-prog_kani_growth:kani_growth_c_mul_div_ceil
kani_growth_r15b_util_fee_monotone_in_max	L	percolator-prog_kani_growth:kani_growth_c_mul_div_ceil
kani_growth_t1_required_imr_bounds	L	percolator-prog_kani_growth:kani_growth_c_mul_div_ceil
kani_growth_t4_overflow_fails_closed	L	percolator-prog_kani_growth:kani_growth_c_mul_div_ceil
kani_growth_r15c_closes_never_pay	L	percolator-prog_kani_growth:kani_growth_c_util_fee_on_fill_bps
kani_growth_w_g2_required_imr_not_below_engine	L	-
kani_growth_w_g3_dyn_imr_not_below_base	L	-
kani_growth_c_mul_div_ceil	L	-
kani_growth_c_mul_div_floor	M	-
kani_growth_c_leg_im_req	M	-
kani_growth_r5_eng_leg_le_engine_leg	M	-
kani_growth_h2_admit_iff_within_ncap	M	-
kani_growth_t1_requirement_never_below_engine_or_per_asset	M	-
kani_growth_r6_tag94_v19_roundtrip	M	-
kani_growth_r6_tag93_v19_roundtrip	M	-
proof_deposit_withdraw_no_inflation	L	-
proof_first_depositor_exact	L	-
proof_two_depositors_conservation	L	-
proof_equal_deposits_equal_lp	L	-
port_two_depositors_conservation_inductive	L	-
st1_sync_plan_bounded_by_target_and_buffer	M	-
st2_deployed_value_pro_rata	M	-
st3_topup_units_match_wrapper	M	-
st3_recover_burn_matches_wrapper	M	-
port_no_dilution	M	-
port_roundtrip_under_pool_value_change	M	-
port_no_inflation_attack	M	-
port_deposit_withdraw_no_inflation_inductive	M	-
port_distribute_fees_no_senior_all_to_junior	M	-
port_subpool_deposit_withdraw_no_profit	M	-
port_senior_balance_never_underflows	M	-
port_tranche_decomposition	M	-
port_161_recovery_never_windfalls_protected_senior	M	-
port_flush_conservation_lp_value	M	-
kani_growth_g_risk_notional_ceil	S	percolator-prog_kani_growth:kani_growth_c_mul_div_ceil
kani_growth_t3_reductions_always_pass	S	percolator-prog_kani_growth:kani_growth_c_mul_div_ceil
kani_growth_t3_thin_side_gets_only_the_ceiling	S	percolator-prog_kani_growth:kani_growth_c_mul_div_ceil
kani_growth_t4_zero_price_fails_closed	S	percolator-prog_kani_growth:kani_growth_c_mul_div_ceil
kani_growth_t5_capacity_invariant	S	percolator-prog_kani_growth:kani_growth_c_mul_div_ceil
kani_growth_r1_close_is_never_capacity_clipped	S	percolator-prog_kani_growth:kani_growth_c_mul_div_ceil
kani_growth_r2_r12_every_open_faces_the_bound_vault_lp	S	percolator-prog_kani_growth:kani_growth_c_mul_div_ceil
kani_growth_r11_capacity_invariant_inductive	S	percolator-prog_kani_growth:kani_growth_c_mul_div_ceil
kani_growth_r11b_ungated_transitions	S	percolator-prog_kani_growth:kani_growth_c_mul_div_ceil
st5_last_junior_full_burn_pays_exactly_ejb	M	-
kani_v22_st6b_tranche_floor_never_decreases	M	-
