id	file	line	original	replacement	target	expected_kill
A-M7-1	tests/v22_kani_ad.rs	115	kani::assume(p >= 10_000 && target >= 1	kani::assume(p >= 9_999 && target >= 1	kani_v22_wa1_lot_floor_guarantees_progress	assert `next != p` at p = 9_999, cap 1, dt 1 (harness-precondition mutant: sharpness witness)
A-M7-3	src/v16_program.rs	4480	        let lot_mode_ok = lot_exp == 0	        let lot_mode_ok = true || lot_exp == 0	kani_v22_wa3_profile_shape	assert_eq (lot on Hybrid accepted)
A-M7-4	src/v16_program.rs	4508	        out[crate::constants::PROFILE_P4_FLAGS_IDX] = profile_p4_flags(existing);	        out = NEW_PROFILE_PADDING0;	kani_v22_wa4_lot_carry_is_identity_or_119	`Ok(pad)` identity (lot 6 / flags lost)
A-M7-5	src/wave_a_v22.rs	27	    growth && mark_e6 < LOT_PRICE_FLOOR_E6	    false && mark_e6 < LOT_PRICE_FLOOR_E6	kani_v22_wa5_lot_floor_predicate	assert_eq; cover 'below floor' still reached
A-M8-1	src/wave_a_v22.rs	202	    if keeper_ok {	    if true || keeper_ok {	kani_v22_wa0_exit_gate_truth_table	NeedsRedeemerSignature row assert
A-M8-2	src/wave_a_v22.rs	35	    core::cmp::max(wire_min, stored_min)	    { let _ = stored_min; wire_min }	kani_v22_wa7_min_payout	`m == max` (stored binds cover)
A-M8-4	src/wave_a_v22.rs	93	    c.stale_long == 0 && c.stale_short == 0 && no_pending_genuine_loss(c)	    { let _ = c; true }	kani_v22_wa9_t9_p3_dip_model	`x == x_ref` on a stale book (keeper exit inside the dip executes)
A-M8-5	src/v16_program.rs	9473	                        if n_refresh > crate::constants::REDEMPTION_REFRESH_MAX	                        if false && n_refresh > crate::constants::REDEMPTION_REFRESH_MAX	kani_v22_wa13_tag77_v22_roundtrip	`d.is_ok() == ok` at n = 9
A-R2	src/wave_a_v22.rs	123	    } else if redeemer_signed && no_pending_genuine_loss(c) {	    } else if false {	kani_v22_wa6_loss_gate	assert_eq; DipFloor cover unsatisfied
A-R6	src/wave_a_v22.rs	83	        && c.b_stale_accounts == 0	        && true	kani_v22_wa6_loss_gate	assert_eq (b_stale refuses a signed exit cover)
A-DIP	src/wave_a_v22.rs	134	    match par.checked_mul((10_000 - EXIT_DIP_BPS) as u128) {	    match par.checked_mul((10_000 - 100) as u128) {	kani_v22_wa10_dip_floor	assert_eq at the boundary
A-NET1	src/wave_a_v22.rs	160	        (core::cmp::min(phys_a - p_a, p_b - phys_b), false)	        ((phys_a - p_a) + (p_b - phys_b), false)	kani_v22_wa11_cross_pot_netting	(ii)/(iii) min-sum equality
A-NET2	src/wave_a_v22.rs	162	        (core::cmp::min(phys_b - p_b, p_a - phys_a), true)	        (core::cmp::min(phys_b - p_b, p_a - phys_a), false)	kani_v22_wa11_cross_pot_netting	(ii) `m <= pb` / (iii) in the mirror direction
A-A4	src/v16_program.rs	9456	                        if keeper_ok > 1 || min_payout_atoms == 0 {	                        if keeper_ok > 1 {	kani_v22_wa14_tag76_v22_roundtrip	`d.is_ok() == ok` (keeper_ok with min 0)
A-LOT0	src/v16_program.rs	9032	                                let l = read_u8(&mut rest)?;\n                                // canonical: a lot byte of 0 is the 4-byte form, refused here.\n                                if l == 0 {	                                let l = read_u8(&mut rest)?;\n                                // canonical: a lot byte of 0 is the 4-byte form, refused here.\n                                if false && l == 0 {	kani_v22_wa15_len5	assert_eq (lot 0 accepted at len 5)
D-01	src/p4_rescue_ins.rs	512	    mul_div_floor(x, s, v)	    mul_div_ceil(x, s, v)	kani_v22_wd1_rescue_no_dilution	rescue_value_no_dilution
D-02	src/p4_rescue_ins.rs	522	    mul_div_floor(m, c, s)	    mul_div_ceil(m, c, s)	kani_v22_wd2_rescue_par_per_share	rescue_par_per_share_not_raised
D-03	src/p4_rescue_ins.rs	496	    if lhs < rhs || v == 0 {	    if v == 0 {	kani_v22_wd3_rescue_refuses_floor	NAV floor assert on Ok; NavFloor cover unsatisfied
D-04	src/p4_rescue_ins.rs	488	    if v >= par {	    if false && v >= par {	kani_v22_wd3_rescue_refuses_floor	`v < c` on Ok; NotImpaired cover unsatisfied
D-05	src/p4_rescue_ins.rs	63	    mul_div_floor(x, units_total, insurance_mint_reading)	    mul_div_ceil(x, units_total, insurance_mint_reading)	kani_v22_wd4_units_mint_burn_no_dilution	ins_mint_no_dilution
D-06	src/p4_rescue_ins.rs	74	    let b = mul_div_ceil(a, units_total, insurance_free)?;	    let b = mul_div_floor(a, units_total, insurance_free)?;	kani_v22_wd4_units_mint_burn_no_dilution	ins_burn_no_dilution
D-07	src/p4_rescue_ins.rs	106	    if minted == 0 {	    if false && minted == 0 {	kani_v22_wd5_admitted_mint_positive_and_bounded	`m > 0` on admitted
D-08	src/p4_rescue_ins.rs	89	    mul_div_floor(units, insurance, units_total)	    mul_div_floor(units, insurance, units.max(1))	kani_v22_wd6_loss_pro_rata	`vs0 + vc0 <= i`
D-09	src/p4_rescue_ins.rs	207	    deficit.min(insurance_free).min(room)	    { let _ = room; deficit.min(insurance_free) }	kani_v22_wd7_backstop_bounded	cap assert
D-10	src/p4_rescue_ins.rs	189	    deficit != 0 && drawable_backing == 0 && pending == 0 && senior_nav == 0	    deficit != 0 && drawable_backing == 0 && pending == 0	kani_v22_wd8_backstop_only_after_seniors	assert_eq
D-11	src/p4_rescue_ins.rs	408	    let b = recovery.min(outstanding);	    let b = 0u128.min(outstanding);	kani_v22_wd9_recovery_backstop_first	`b == min(r, o)`
D-12	src/p4_rescue_ins.rs	225	    pending_slot != 0 && now >= start && now < start.saturating_add(G9_EXEC_WINDOW_SLOTS)	    pending_slot != 0 && now < start.saturating_add(G9_EXEC_WINDOW_SLOTS)	kani_v22_wd10_g9_window	delay lower bound
D-13	src/p4_rescue_ins.rs	225	    pending_slot != 0 && now >= start && now < start.saturating_add(G9_EXEC_WINDOW_SLOTS)	    pending_slot != 0 && now >= start	kani_v22_wd10_g9_window	window upper bound
D-14	src/p4_rescue_ins.rs	240	    bps_floor(base, cap_bps).unwrap_or(0).saturating_sub(drawn_this_epoch)	    base.saturating_sub(drawn_this_epoch)	kani_v22_wd11_epoch_room	`drawn + room <= max(drawn, lim)`
D-15	src/p4_rescue_ins.rs	247	    senior_shares > 0 && senior_drawn > 0	    senior_drawn > 0	kani_v22_wd12_g9_eligibility	assert_eq
D-16	src/wave_a_v22.rs	162	        (core::cmp::min(phys_b - p_b, p_a - phys_a), true)	        (core::cmp::max(phys_b - p_b, p_a - phys_a), true)	kani_v22_wd13_combined_reading_is_min_sum	min-sum equality
D-17	src/vault_lp_v18.rs	492	        && (op == DRAW_OP_LP_RISK_INCREASING_FILL	        && (op == 0	kani_v22_wd14_halt_on_mirror	fill op halts iff mirror != 0
D-18	src/p4_rescue_ins.rs	259	    allow_creator_oracle || (oracle_mode == HYBRID && provenance_authenticated)	    allow_creator_oracle || (oracle_mode <= 2 && provenance_authenticated)	kani_v22_wd15_g9_oracle_allowed_truth_table	!devnet row (EWMA admitted)
D-19	src/p4_rescue_ins.rs	259	    allow_creator_oracle || (oracle_mode == HYBRID && provenance_authenticated)	    allow_creator_oracle || (oracle_mode == HYBRID || provenance_authenticated && false)	kani_v22_wd15_g9_oracle_allowed_truth_table	R-8 cover: unauthenticated Hybrid admitted
D-20	src/p4_rescue_ins.rs	259	    allow_creator_oracle || (oracle_mode == HYBRID && provenance_authenticated)	    allow_creator_oracle || (oracle_mode != HYBRID && provenance_authenticated)	kani_v22_wd15_g9_oracle_allowed_truth_table	!devnet row
D-21	src/p4_rescue_ins.rs	259	    allow_creator_oracle || (oracle_mode == HYBRID && provenance_authenticated)	    allow_creator_oracle && (oracle_mode == HYBRID && provenance_authenticated)	kani_v22_wd15_g9_oracle_allowed_truth_table	override admits everything
D-22	src/p4_rescue_ins.rs	259	    allow_creator_oracle || (oracle_mode == HYBRID && provenance_authenticated)	    { let _ = allow_creator_oracle; oracle_mode == HYBRID && provenance_authenticated }	kani_v22_wd15_g9_oracle_allowed_truth_table	override admits everything
D-23	src/p4_rescue_ins.rs	143	    value.saturating_sub(a) <= a / 10_000 + 1	    value.saturating_sub(a) <= a / 10_000 + 1_000	kani_v22_wd16_burn_admissible_bounds_loss	assert_eq on the partial arm
D-24	src/p4_rescue_ins.rs	133	    if a == 0 || burned == class_units {	    if a == 0 {	kani_v22_wd16_burn_admissible_bounds_loss	full exit always admitted
D-25	src/p4_rescue_ins.rs	133	    if a == 0 || burned == class_units {	    if a == 0 || burned >= class_units / 2 {	kani_v22_wd16_burn_admissible_bounds_loss	assert_eq on the partial arm
D-26	src/p4_rescue_ins.rs	143	    value.saturating_sub(a) <= a / 10_000 + 1	    value.wrapping_sub(a) <= a / 10_000 + 1	kani_v22_wd16_burn_admissible_bounds_loss	assert_eq when value < a
D-27	src/p4_rescue_ins.rs	141	        None => return false,\n    };\n    value.saturating_sub(a)	        None => return true,\n    };\n    value.saturating_sub(a)	kani_v22_wd16b_burn_admissible_overflow_fails_closed	overflow arm refused
D-28	src/p4_rescue_ins.rs	74	    let b = mul_div_ceil(a, units_total, insurance_free)?;	    let b = mul_div_floor(a, units_total, insurance_free)?;	kani_v22_wd17_full_exit_loss_below_one_unit	`value_ceil >= a`
D-29	src/p4_rescue_ins.rs	63	    mul_div_floor(x, units_total, insurance_mint_reading)	    mul_div_ceil(x, units_total, insurance_mint_reading)	kani_v22_wd18_burn_then_mint_no_gain	`m <= b`
D-30	src/p4_rescue_ins.rs	336	    let buffer = match initial_req.checked_mul(RESTORE_IM_BUFFER_BPS as u128) {\n        Some(p) => p.div_ceil(10_000),\n        None => return 0,\n    };\n    match initial_req.checked_add(buffer) {\n        Some(floor) => equity.saturating_sub(floor).min(capital),	    let buffer = match initial_req.checked_mul(RESTORE_IM_BUFFER_BPS as u128) {\n        Some(p) => p / 10_000,\n        None => return 0,\n    };\n    match initial_req.checked_add(buffer) {\n        Some(floor) => equity.saturating_sub(floor).min(capital),	kani_v22_wd19_restore_free_keeps_im_buffer	exact formula (rounded-buffer cover)
D-31	src/p4_rescue_ins.rs	341	        Some(floor) => equity.saturating_sub(floor).min(capital),	        Some(_floor) => equity.saturating_sub(initial_req).min(capital),	kani_v22_wd19_restore_free_keeps_im_buffer	exact formula; buffer cover
D-32	src/p4_rescue_ins.rs	341	        Some(floor) => equity.saturating_sub(floor).min(capital),	        Some(floor) => { let _ = capital; equity.saturating_sub(floor) },	kani_v22_wd19_restore_free_keeps_im_buffer	`f <= capital`
D-33	src/p4_rescue_ins.rs	341	        Some(floor) => equity.saturating_sub(floor).min(capital),	        Some(floor) => equity.wrapping_sub(floor).min(capital),	kani_v22_wd19_restore_free_keeps_im_buffer	`e <= im + buf => f == 0`
D-34	src/p4_rescue_ins.rs	353	        r.min(requested)	        { let _ = requested; r }	kani_v22_wd20_restore_amount_never_exceeds_free	`a <= r`
D-35	src/p4_rescue_ins.rs	282	            G9LegSource::Chainlink | G9LegSource::Switchboard => allowlisted,	            G9LegSource::Chainlink => true,\n            G9LegSource::Switchboard => allowlisted,	kani_v22_wd21_leg_ok_truth_table	assert_eq (unlisted Chainlink cover)
D-36	src/p4_rescue_ins.rs	283	            G9LegSource::Other => false,	            G9LegSource::Other => true,	kani_v22_wd21_leg_ok_truth_table	assert_eq (Other cover)
D-37	src/p4_rescue_ins.rs	280	    key_matches\n        && match source {	    { let _ = key_matches; true }\n        && match source {	kani_v22_wd21_leg_ok_truth_table	assert_eq (key mismatch cover)
D-38	src/p4_rescue_ins.rs	326	    senior_drawn.min(senior_draw_outstanding).saturating_sub(outstanding)	    { let _ = senior_draw_outstanding; senior_drawn.saturating_sub(outstanding) }	kani_v22_wd22_licence_never_exceeds_outstanding_loss	`r <= so`
D-39	src/p4_rescue_ins.rs	326	    senior_drawn.min(senior_draw_outstanding).saturating_sub(outstanding)	    { let _ = senior_drawn; senior_draw_outstanding.saturating_sub(outstanding) }	kani_v22_wd22_licence_never_exceeds_outstanding_loss	`r <= dr`
D-40	src/p4_rescue_ins.rs	326	    senior_drawn.min(senior_draw_outstanding).saturating_sub(outstanding)	    senior_drawn.min(senior_draw_outstanding).wrapping_sub(outstanding)	kani_v22_wd22_licence_never_exceeds_outstanding_loss	`o >= min => r == 0`
D-41	src/p4_rescue_ins.rs	326	    senior_drawn.min(senior_draw_outstanding).saturating_sub(outstanding)	    senior_drawn.min(outstanding).saturating_sub(senior_draw_outstanding)	kani_v22_wd22_licence_never_exceeds_outstanding_loss	`r + o <= min(dr, so)`
D-42	src/p4_rescue_ins.rs	207	    deficit.min(insurance_free).min(room)	    { let _ = insurance_free; deficit.min(room) }	kani_v22_wd23_g9_amount_composed_bounds	`amt <= free` (component mutant; the handler's min order is a review/gate item)
D-43	src/p4_rescue_ins.rs	326	    senior_drawn.min(senior_draw_outstanding).saturating_sub(outstanding)	    senior_drawn.max(senior_draw_outstanding).saturating_sub(outstanding)	kani_v22_wd23_g9_amount_composed_bounds	licence bound (component mutant)
D-44	src/p4_rescue_ins.rs	240	    bps_floor(base, cap_bps).unwrap_or(0).saturating_sub(drawn_this_epoch)	    bps_floor(base, 10_000).unwrap_or(0).saturating_sub(drawn_this_epoch)	kani_v22_wd23_g9_amount_composed_bounds	epoch bound (component mutant)
D-45	src/p4_rescue_ins.rs	207	    deficit.min(insurance_free).min(room)	    { let _ = deficit; insurance_free.min(room) }	kani_v22_wd23_g9_amount_composed_bounds	`amt <= d` (component mutant)
D-46	src/p4_rescue_ins.rs	393	    let from_pnl = want.min(pnl_capacity);\n    let from_capital = (want - from_pnl).min(capital);	    let from_capital = want.min(capital);\n    let from_pnl = (want - from_capital).min(pnl_capacity);	kani_v22_wd24_restore_split	PnL first
D-47	src/p4_rescue_ins.rs	394	    let from_capital = (want - from_pnl).min(capital);	    let from_capital = { let _ = capital; want - from_pnl };	kani_v22_wd24_restore_split	`c <= cap`
D-48	src/p4_rescue_ins.rs	392	    let want = backstop_restore_amount(outstanding, equity_room, requested);	    let want = backstop_restore_amount(outstanding, u128::MAX, requested); let _ = equity_room;	kani_v22_wd24_restore_split	`p + c <= room`
D-49	src/p4_rescue_ins.rs	393	    let from_pnl = want.min(pnl_capacity);	    let from_pnl = { let _ = pnl_capacity; want };	kani_v22_wd24_restore_split	`p <= pc`
D-50	src/p4_rescue_ins.rs	341	        Some(floor) => equity.saturating_sub(floor).min(capital),	        Some(floor) => { let _ = floor; equity.min(capital) },	kani_v22_wd25_restore_free_is_min_room_capital	`free == min(room, cap)`
D-51	src/p4_rescue_ins.rs	317	            .checked_add(crate::constants::G9_ALLOWLIST_TIMELOCK_SLOTS)	            .checked_add(0)	kani_v22_wd26_allowlist_removal_and_commit	commit_ready formula
D-52	src/p4_rescue_ins.rs	318	            .is_some_and(|due| now >= due)	            .is_some_and(|due| now > due)	kani_v22_wd26_allowlist_removal_and_commit	commit_ready at the boundary
D-53	src/p4_rescue_ins.rs	308	    new.iter().all(|k| current.contains(k))	    { let _ = (current, new); true }	kani_v22_wd26_allowlist_removal_and_commit	assert_eq; 'an addition refused' cover
D-54	src/p4_rescue_ins.rs	308	    new.iter().all(|k| current.contains(k))	    new.iter().all(|k| !current.contains(k))	kani_v22_wd26_allowlist_removal_and_commit	assert_eq
D-55	src/v16_program.rs	7307	            || (x.pending_slot_u64() == 0) != (pn == 0)	            || false	kani_v22_wd27_allowlist_record_validator	assert_eq; 'orphan pending slot refused' cover
D-56	src/v16_program.rs	7298	                && (0..n).all(|i| (i + 1..n).all(|j| ks[i] != ks[j]))	                && true	kani_v22_wd27_allowlist_record_validator	assert_eq; 'duplicate key refused' cover
D-57	src/p4_rescue_ins.rs	302	    matches!((listed, actual), (Some(a), Some(b)) if a == b)	    matches!((listed, actual), (None, None)) || matches!((listed, actual), (Some(a), Some(b)) if a == b)	kani_v22_wd28_owner_pin	owner_matches assert_eq
D-58	src/v16_program.rs	11138	    pub const SB_OFF_FEED_AUTHORITY: usize = 8 + 2_048;	    pub const SB_OFF_FEED_AUTHORITY: usize = 2_048;	kani_v22_wd28_owner_pin	offset assert / data window
D-59	src/mainnet_ids.rs	131	            if same {	            if false && same {	kani_v22_wd29_ids_consistent	'equal pair' assert_eq
D-60	src/mainnet_ids.rs	113	            if ids[a][i] != 0 {	            if ids[a][i] != 0 && i == 0 {	kani_v22_wd29_ids_consistent	assert_eq (non-zero key with zero first byte)
D-61	src/v16_program.rs	11132	            || (cfg!(feature = "devnet") && *owner == SWITCHBOARD_ON_DEMAND_DEVNET_PROGRAM_ID)	            || (*owner == SWITCHBOARD_ON_DEMAND_DEVNET_PROGRAM_ID)	kani_v22_wd30_switchboard_program_predicate	mainnet-flavour run: devnet id rejected
