id	file	line	nth	original	replacement	target	expected_kill	proof_only_model(†)
BOND-MP1	src/bond_v20.rs	95	1	    let bond = if rest < bond_claim { rest } else { bond_claim };	    let bond = if vault_value < bond_claim { vault_value } else { bond_claim };	tests/v22_kani_cfl.rs::kani_v22_wc1_split3_conserves_and_orders	conservation / `rest - bond` underflow	no
BOND-MP2	src/bond_v20.rs	396	1	        vault_value.saturating_sub(senior_claim),	        vault_value.saturating_sub(senior_claim).saturating_sub(bond_claim),	tests/v22_kani_cfl.rs::kani_v22_wc4_recover3_restores_senior_bond_junior	`bond > 0 => o1 == 0`	yes (recover3 is a proof-only model)
BOND-MP3	src/bond_v20.rs	238	1	    let need = if side > lp_eff_abs_q { side } else { lp_eff_abs_q };	    let need = lp_eff_abs_q;	tests/v22_kani_cfl.rs::kani_v22_wc7_bond_lock_vs_open_oi	assert_eq ok; cover 'refused with a FLAT LP' unsatisfiable	no
BOND-MP4	src/bond_v20.rs	328	1	    let coupon = if due < cap { due } else { cap };	    let coupon = due;	tests/v22_kani_cfl.rs::kani_v22_wc12_bond_coupon_split	`cp == min(due, avail/2)` / `available - coupon` underflow	no (bond_coupon_split is production)
BOND-MP5	src/bond_v20.rs	138	1	    let junior = tranche_split3(vault_value, senior_claim_eff, bond_claim).junior;	    let junior = tranche_split3(vault_value, senior_claim_eff, 0).junior;	tests/v22_kani_cfl.rs::kani_v22_wc9_junior_gates_exclude_bonds	`b.bond == a.bond` (junior withdraw reaches bond value)	no
BOND-MP6	src/bond_v20.rs	186	1	    mul_div_floor(amount, total_shares, bond_value)	    mul_div_floor(amount, total_shares, bond_value).map(|m| m + 1)	tests/v22_kani_cfl.rs::kani_v22_wc5_bond_deposit_no_dilution	no-dilution inequality	no
BOND-MP7	src/bond_v20.rs	370	1	    let junior_in_pots = s.junior_surplus - bond_in_pots;	    let junior_in_pots = 0u128 * (s.junior_surplus - bond_in_pots);	tests/v22_kani_cfl.rs::kani_v22_wc2_draw3_order	`bc > 0 => jc == surplus - bond_in` (junior first)	yes (draw_step3 is a proof-only model)
BOND-SLICE	src/bond_v20.rs	205	1	    let slice = mul_div_floor(shares, bond_claim, total_shares)?;	    let slice = shares.checked_mul(bond_claim)?.div_ceil(total_shares);	tests/v22_kani_cfl.rs::kani_v22_wc6_bond_redemption_no_dilution	`cb2 * b >= cb * (b - sh)`	no
BOND-HALT	src/vault_lp_v18.rs	496	1	            || op == DRAW_OP_BOND_WITHDRAW)	            )	tests/v22_kani_cfl.rs::kani_v22_wc10_draw_halts_incl_bond_withdraw	assert_eq halts; cover 'bond withdraw halted'	no
BOND-MP8	src/bond_v20.rs	327	1	    let cap = bps_floor(available, BOND_COUPON_MAX_LEG_BPS).unwrap_or(0);	    let cap = available;	tests/v22_kani_cfl.rs::kani_v22_wc12_bond_coupon_split	`cp == min(due, avail/2)` (also W-C-8a)	no
BOND-MP9	src/bond_v20.rs	66	1	        && BOND_UTIL_BONUS_MAX_BPS.checked_sub(util_bonus_bps).is_some()	        && util_bonus_bps <= 1_000	tests/v22_kani_cfl.rs::kani_v22_wc11_bond_config_bounds	assert_eq config_ok (bonus 1 admitted)	no
BOND-MP10	src/bond_v20.rs	307	1	    live && bond_claim > 0 && senior_draw_outstanding == 0 && bond_value >= bond_claim	    live && bond_claim > 0 && senior_draw_outstanding == 0	tests/v22_kani_cfl.rs::kani_v22_wc8b_coupon_due_gate_base	`bv < cb => !gate`	no
BOND-MP11	src/bond_v20.rs	315	1	    if bond_value < bond_claim {	    if false {	tests/v22_kani_cfl.rs::kani_v22_wc8b_coupon_due_gate_base	`base == min(cb, bv)`	no
FE-M1	src/fill_events_v22.rs	125	1	        Some(0) | None => None,	        None => None,	tests/v22_kani_cfl.rs::kani_v22_fe1_liquidation_delta_q	`r != Some(0)`	no
FE-M2	src/fill_events_v22.rs	121	1	        LegAfter::Unreadable => return None,	        LegAfter::Unreadable => 0,	tests/v22_kani_cfl.rs::kani_v22_fe1_liquidation_delta_q	`Unreadable => None`	no
FE-M3	src/fill_events_v22.rs	151	1	    put(buf, off, &r.requested_q.to_le_bytes());	    put(buf, off, &r.executed_q.to_le_bytes());	tests/v22_kani_cfl.rs::kani_v22_fe2_encode_fill_layout	requested_q field	no
FE-M4	src/fill_events_v22.rs	203	1	    put(buf, &mut off, &asset_gen.to_le_bytes());	    put(buf, &mut off, &0u64.to_le_bytes());	tests/v22_kani_cfl.rs::kani_v22_fe3_encode_reduce_and_move_layout	asset_gen field	no
FE-M5	src/fill_events_v22.rs	245	1	        let take = core::cmp::min(MAX_FILL_RECS_PER_LINE, n - first);	        let take = core::cmp::min(MAX_FILL_RECS_PER_LINE + 1, n - first);	tests/v22_kani_cfl.rs::kani_v22_fe4_emit_fills_chunking	line count / buffer bounds	no
FE-M6	src/fill_events_v22.rs	132	1	    u64::try_from(v).unwrap_or(u64::MAX)	    v as u64	tests/v22_kani_cfl.rs::kani_v22_fe5_sat_u64	saturation	no
FE-M7	src/v16_program.rs	28603	1	                    None => fill_events_v22::LegAfter::Unreadable,	                    None => fill_events_v22::LegAfter::Absent,	tests/v22_kani_cfl.rs::kani_v22_fe8_liquidation_event_view_n1_n2	assert_eq r (N-1 cover reports a full close)	no
FE-M8	src/v16_program.rs	28599	1	                && leg.market_id.get() == asset_gen	                && true	tests/v22_kani_cfl.rs::kani_v22_fe8_liquidation_event_view_n1_n2	assert_eq r (N-2: stale generation ends the scan)	no
LP-M1	src/lp_share_meta_v22.rs	107	1	const B58: &[u8; 58] = b"123456789ABCDEFGHJKLMNPQRSTUVWXYZabcdefghijkmnopqrstuvwxyz";	const B58: &[u8; 58] = b"123456789ABCDEFGHJKLMNPQRSTUVWXYZabcdefghijlmnopqrstuvwxyz";	tests/v22_kani_cfl.rs::kani_v22_lp1_base58_encode_bounds_alphabet	alphabet only	no
LP-M2	src/lp_share_meta_v22.rs	130	1	    let zeros = key.iter().take_while(|b| **b == 0).count();	    let zeros = key.iter().take_while(|b| **b == 0).count().saturating_sub(1);	tests/v22_kani_cfl.rs::kani_v22_lp1_base58_encode_bounds_alphabet	leading '1' per zero byte	no
LP-M3	src/lp_share_meta_v22.rs	146	1	        && ticker.iter().all(|c| c.is_ascii_uppercase() || c.is_ascii_digit())	        && ticker.iter().all(|c| c.is_ascii_alphanumeric())	tests/v22_kani_cfl.rs::kani_v22_lp2_ticker_name_symbol_bounds	`ticker_ok == spec` (lowercase admitted)	no
LP-M4	src/lp_share_meta_v22.rs	166	1	    out.extend_from_slice(LP_SHARE_TICKER_NAME_PREFIX);	    out.extend_from_slice(ticker); out.extend_from_slice(LP_SHARE_TICKER_NAME_PREFIX);	tests/v22_kani_cfl.rs::kani_v22_lp2_ticker_name_symbol_bounds	framing leads / name length	no
LP-M5	src/lp_share_meta_v22.rs	194	1	    out.extend_from_slice(LP_SHARE_URI_PATH.as_bytes());	    // path dropped (mutant LP-M5)	tests/v22_kani_cfl.rs::kani_v22_lp3_share_uri_shape	path bytes after the base	no
LP-M6	src/lp_share_meta_v22.rs	245	1	    out.push(0); // new_update_authority: None	    out.push(1); // new_update_authority: None	tests/v22_kani_cfl.rs::kani_v22_lp4_metadata_instruction_data	`new_update_authority: None`	no
LP-M7	src/lp_share_meta_v22.rs	248	1	        out.extend_from_slice(&[1, 0]); // is_mutable: Some(false)	        out.extend_from_slice(&[1, 1]); // is_mutable: Some(false)	tests/v22_kani_cfl.rs::kani_v22_lp4_metadata_instruction_data	freeze bytes	no
LP-M8	src/lp_share_meta_v22.rs	275	1	            AccountMeta::new_readonly(*mint, false),	            AccountMeta::new(*mint, false),	tests/v22_kani_cfl.rs::kani_v22_lp5_cpi_account_lists	mint read-only	no
LP-M9	src/lp_share_meta_v22.rs	381	1	            && fee == [0, 0]	            && true	tests/v22_kani_cfl.rs::kani_v22_lp6_record_state_total	canonical => seller fee 0	no
W-G-1-M1	src/growth_v19.rs	305	1	            cert.saturating_sub(eng_leg).checked_add(dyn_leg)	            cert.saturating_sub(dyn_leg).checked_add(eng_leg)	kani/growth/src/proofs.rs::kani_growth_t1_requirement_never_below_engine_or_per_asset	`r >= dyn_leg`	no
